USE QLDatMon

go
INSERT INTO NHANVIEN(MANV,LOAINV) VALUES ('NV000001', N'Quản trị')
INSERT INTO NHANVIEN(MANV,LOAINV) VALUES ('NV000002', N'Nhân viên')
SELECT*FROM dbo.NHANVIEN

GO
INSERT INTO NGANHANG(MANH) VALUES ('NH000003')
INSERT INTO NGANHANG(MANH) VALUES ('NH000002')
INSERT INTO NGANHANG(MANH) VALUES ('NH000001')
SELECT*FROM dbo.NGANHANG

GO
INSERT INTO CHINHANHNH(MANH,DIADIEMCN_NH) VALUES ('NH000003','DANANG')
INSERT INTO CHINHANHNH(MANH,DIADIEMCN_NH) VALUES ('NH000002','HANOI')
INSERT INTO CHINHANHNH(MANH,DIADIEMCN_NH) VALUES ('NH000001','TPHCM')
INSERT INTO CHINHANHNH(MANH,DIADIEMCN_NH) VALUES ('NH000001', N'Cần Thơ')
SELECT*FROM dbo.CHINHANHNH

GO
INSERT INTO TAIKHOANNH(MATK_NH,MANH, SODU) VALUES ('TK000001','NH000001', 10000000)
INSERT INTO TAIKHOANNH(MATK_NH,MANH, SODU) VALUES ('TK000002','NH000003', 10000000)
INSERT INTO TAIKHOANNH(MATK_NH,MANH, SODU) VALUES ('TK000003','NH000002', 10000000)
INSERT INTO TAIKHOANNH(MATK_NH,MANH, SODU) VALUES ('TK000004','NH000001', 10000000)
INSERT INTO TAIKHOANNH(MATK_NH,MANH, SODU) VALUES ('TK000005','NH000002', 10000000)
SELECT*FROM dbo.TAIKHOANNH

go
INSERT INTO HOPDONG VALUES ('HD000001','NH000001','TPHCM','TK000001','NV000001','2022-12-1','2022-12-12','1',N'NGUYỄN VĂN A',1,20)
SELECT*FROM dbo.HOPDONG

GO 
INSERT ChiNhanh VALUES('HD000001', N'Lê Duẩn')
INSERT ChiNhanh VALUES('HD000001', N'Lê Lợi')
INSERT ChiNhanh VALUES('HD000001', N'Lê Lai')
SELECT * FROM dbo.CHINHANH

GO 
INSERT INTO doitac (MADT, MAHD, TENQUAN, MATK_NH) VALUES('DT000001', 'HD000001', N'Bún bò anh Ba', 'TK000001')
SELECT* FROM dbo.DOITAC

GO
INSERT INTO ChinhanhCH (TENDT, MADT, DIACHICH, THOIGIANMOCUA, THOIGIANDONGCUA, TINHTRANG) VALUES(N'Bún bò anh Ba', 'DT000001', N'Lê Duẩn', '7:18', '17:15', 1)
INSERT INTO ChinhanhCH (TENDT, MADT, DIACHICH, THOIGIANMOCUA, THOIGIANDONGCUA, TINHTRANG) VALUES(N'Bún bò anh Ba', 'DT000001', N'Lê Lai', '7:18', '17:15', 1)
INSERT INTO ChinhanhCH (TENDT, MADT, DIACHICH, THOIGIANMOCUA, THOIGIANDONGCUA, TINHTRANG) VALUES(N'Bún bò anh Ba', 'DT000001', N'Lê Lợi', '7:18', '17:15', 1)
SELECT*FROM dbo.CHINHANHCH

GO 
INSERT monan (MADT, TENMON, TINHTRANG, SoLuongHienCo, MIEUTAMON, GIA) VALUES('DT000001', N'Mỳ bò', 1, 100, N'Món rất ngon.', 2500000)
INSERT monan (MADT, TENMON, TINHTRANG, SoLuongHienCo, MIEUTAMON, GIA) VALUES('DT000001', N'Mỳ gà', 1, 100, N'Món rất ngon.', 2500000)
INSERT monan (MADT, TENMON, TINHTRANG, SoLuongHienCo, MIEUTAMON, GIA) VALUES('DT000001', N'Mỳ ý', 1, 100, N'Món rất ngon.', 2500000)
INSERT monan (MADT, TENMON, TINHTRANG, SoLuongHienCo, MIEUTAMON, GIA) VALUES('DT000001', N'Mỳ trứng', 1, 100, N'Món rất ngon.', 2500000)

SELECT*FROM dbo.MONAN

GO 
INSERT khachhang (MAKH, MATK_NH, HOTEN, SDT, DIACHIKH, EMAIL) VALUES('KH000001', 'TK000002', N'Trần B', '123', N'Lê Duẩn', 'k.gmail')
INSERT khachhang (MAKH, MATK_NH, HOTEN, SDT, DIACHIKH, EMAIL) VALUES('KH000002', 'TK000003', N'Trần C', '123', N'Lê Duẩn', 'k1.gmail')

SELECT*FROM dbo.KHACHHANG

GO
INSERT taixe (CMND, MATK_NH, HOTEN, SDT, KHUVUCHD) VALUES('TX000001', 'TK000004', N'Đỗ D', '154', N'Lê Lai')
INSERT taixe (CMND, MATK_NH, HOTEN, SDT, KHUVUCHD) VALUES('TX000002', 'TK000005', N'Đỗ H', '114', N'Lê Lợi')
SELECT*FROM dbo.TAIXE

INSERT dbo.TTCHITIET_TAIXE(CMND, DIACHITX, BIENSO, EMAIL) VALUES ('TX000001', N'Lê Lai', 'K123', 't.gmail')
INSERT dbo.TTCHITIET_TAIXE(CMND, DIACHITX, BIENSO, EMAIL) VALUES ('TX000002', N'Lê Lợi', 'K124', 't2.gmail')
SELECT*FROM dbo.TTCHITIET_TAIXE
GO